{"loss/train": 0.2396635468719219, "loss/val": 0.21554789641883476, "loss/test": 1.0, "_timestamp": 1684243813.0579934, "_runtime": 25.621045351028442, "_step": 0, "_wandb": {"runtime": 24}}