{"loss/train": 0.02024640029496721, "loss/val": 0.3008466255079749, "loss/test": 0.8, "_timestamp": 1684243783.1663296, "_runtime": 46.859511613845825, "_step": 0, "_wandb": {"runtime": 45}}