{"loss/train": 0.06930850997684508, "loss/val": 0.9809452595154932, "loss/test": 1.2, "_timestamp": 1684243730.763388, "_runtime": 49.80067682266235, "_step": 0, "_wandb": {"runtime": 49}}