{"loss/train": 0.009478782418518867, "loss/val": 0.25614920715612866, "loss/test": 0.9, "_timestamp": 1684242944.1284466, "_runtime": 149.99090456962585, "_step": 2, "_wandb": {"runtime": 149}}