{"loss/train": 0.010504040550003611, "loss/val": 0.006688888487548916, "loss/test": 1.0, "_timestamp": 1684243844.2408292, "_runtime": 25.60003924369812, "_step": 0, "_wandb": {"runtime": 24}}